Quantity,Price
1,13541.33
1,11062.06
1,8142.75
1,4505.17
1,4287.63
1,4161.06
1,3949.32
1,3155.95
1,2653.95
1,2583.76
1,2500
1,2382.92
1,2118.74
1,2053.07
1,2033.1
1,2019.05
1,1917
1,1867.86
1,1687.17
1,1592.49
1,1569.04
1,1325
1,1298.4
1,1252.95
1,1241.98
1,1216.12
1,1154.67
1,1136.3
1,1092.21
1,1016.58
1,950.99
1,940.87
1,930.04
1,924.59
1,907.47
1,901.58
1,887.52
1,885.94
1,878.55
1,877.04
1,868.21
1,863.74
1,858.46
1,852.8
1,852.25
1,847.42
1,837.46
1,836.14
1,822.94
1,803.55
1,800.63
1,764.12
1,757.63
1,743.96
1,743.62
1,729.42
1,717.23
1,705.45
1,701.95
1,700
1,698.5
1,688.08
1,662.14
1,657.29
60,649.5
1,649.5
1,641.86
1,639.83
1,638.3
1,635.01
1,627.47
1,620.68
1,611.86
1,607.96
1,607.49
1,603.62
1,600
1,599.5
1,594
1,593.15
1,584.59
1,576.18
1,569.77
1,565.37
1,557.72
1,557
1,550.94
1,550.64
1,549.79
1,547.32
1,542.2
1,531.65
1,523
1,514
1,511.25
1,510.79
1,498.79
1,498.47
1,492.46
1,491.93
1,490.25
1,484.17
1,481.45
1,478.1
1,470.12
1,469.7
1,465.87
1,464.9
1,452.45
1,451.42
1,449.52
1,448
1,404.49
1,403.81
1,400
1,396.81
1,394.83
1,391.32
1,389.68
1,378.02
1,377.33
1,376.5
1,375.64
1,371.65
1,369.95
1,356.7
1,350.78
1,350
1,340.72
1,339.02
1,337.23
1,336.52
1,334.71
1,334.16
1,324.43
1,323.98
1,323.05
1,320.69
1,319.82
1,312.5
1,311.66
1,309.75
1,308.82
1,307.85
1,306.35
1,304.24
1,303
1,301.84
1,299.76
1,299.72
1,298.31
1,297.66
1,296.61
1,295.2
1,295
1,294.92
1,293
1,290.59
1,285.3
1,283.02
1,283
1,282.88
1,280.05
1,279.84
1,278.97
1,278.92
1,277
1,276.48
1,275.98
2,275.6
1,275.34
1,275.11
1,274.75
1,273.01
1,271.18
1,268.05
1,265.19
1,264.65
1,264
1,262.73
1,259.75
1,255.83
1,255.81
1,255.04
1,254.43
1,254.42
1,254.08
1,253.24
1,252.57
1,252.37
1,252.16
1,252.11
1,250.83
1,250.68
1,250
1,249.91
1,249.71
1,249.02
1,248.51
1,248.48
1,248.13
1,247.54
1,246.54
1,246.5
1,246.37
1,244.51
1,244.46
1,243.87
1,243.21
1,240.67
1,240.41
1,240
1,239.91
1,239.67
1,239.3
1,238.12
1,237.89
1,237.33
1,236.91
1,236.88
1,236.46
1,235.98
1,235.48
1,235.02
1,234.94
1,234.92
1,234.63
1,233.04
1,231.79
1,231.61
1,230.61
1,230.59
1,230.08
1,229.79
1,229.74
1,228.33
1,227.99
1,227.3
1,226.92
1,226.61
1,226.37
1,226.19
1,225.68
1,225.17
1,224.42
1,224.26
1,223.89
1,223.35
1,222.75
1,222.49
1,222.18
1,222.02
1,221.16
1,220.71
1,220.5
1,219.76
1,219.24
1,218.93
1,218.75
1,218.64
1,218.26
1,218.08
1,216.8
1,216.11
1,215.13
1,214.42
1,214.32
1,214.29
1,214.11
1,213.79
1,213.71
1,213.33
1,213.15
1,213.13
1,213.08
1,212.96
1,212.33
1,212.04
1,211.86
1,211.8
1,210.42
1,208.92
1,208.89
1,208.34
1,208.12
1,207.79
1,206.66
1,206.38
1,206.15
1,205.5
1,205.45
1,205.29
1,204.85
1,204.63
1,203.73
1,203.63
1,202.96
1,202.77
1,202.42
1,202.29
1,201.84
1,201.82
1,201.64
1,201.5
1,201.37
1,200.58
1,200.38
1,200.33
1,199.89
1,199.81
1,199.33
1,199.04
1,198.77
1,198.75
1,198.6
1,198.21
1,198.17
1,198.09
1,197.83
1,197.74
1,197.33
1,197.3
1,196.79
1,195.62
1,195.37
1,195.06
1,195
1,194.7
1,194.12
1,192.86
1,192.71
1,192.67
1,192.54
1,192.44
1,192.43
1,192.29
1,192.21
1,191.96
1,191.78
1,191.67
1,191.46
1,191.06
1,189.91
1,189.84
1,189.79
1,189.68
1,189.59
1,189.57
1,188.89
1,188.88
1,188.54
1,188.46
1,188.15
1,187.89
1,187.21
1,187.1
1,186.87
1,185.88
1,185.83
1,185.66
1,185.28
1,184.96
1,184.92
1,184.6
1,183.75
1,183.55
1,183.2
1,183.09
1,182.67
1,182.38
1,182.37
1,182.25
1,181.88
1,181.83
1,181.45
1,181.34
1,180.92
1,180.5
1,180.17
1,179.94
1,179.67
1,179.29
1,178.84
1,178.71
1,178.29
1,178.12
1,177.96
1,177.63
1,176.8
1,176.72
1,176.71
1,176.52
1,176.48
1,176.41
1,175.88
1,175.69
1,175.6
1,175.28
1,175.13
2,175
1,174.78
1,174.24
1,174.12
1,173.59
1,173.42
1,173.3
1,172.99
1,172.63
1,172.62
1,172.54
1,172.42
1,171.46
1,171.42
1,171.07
1,171.04
1,170.98
1,170.92
1,170.54
1,169.55
1,169.29
1,168.63
1,168.53
1,168.19
1,167.88
1,167.58
1,167.03
1,167.02
1,166.96
1,166.92
1,166.88
1,166.08
1,165.2
1,165
1,164.55
1,164.54
1,164.46
1,164.33
1,164.29
1,163.83
1,163.67
1,162.95
1,162.75
1,162.67
1,162.6
1,161.96
1,161.88
1,161.16
1,161.08
1,161.04
1,160.9
1,160.37
1,160
1,159.78
1,159.63
1,159.46
1,158.71
1,158.63
1,157.81
1,157.76
1,157.08
1,156.92
1,156.45
1,156.21
1,155.46
1,155.33
1,155.31
1,155.25
1,154.5
1,154.01
1,153.92
1,153.71
1,152.92
1,152.78
1,152.68
1,152.19
1,151.61
1,151.33
1,150.77
1,150.71
1,150.59
1,150.35
1,150.25
1,150.17
1,150
1,149.67
1,149.49
1,149.02
1,148.75
1,148.67
1,148.55
1,147.53
1,147.49
1,147.13
1,147.03
1,146.85
1,146.5
1,146.29
1,146.1
1,145.46
3,145
2,145
1,145
1,144.75
1,144.45
1,144.15
1,143.18
1,143.04
1,142.94
1,142.83
1,142.29
1,141.5
1,141.42
1,141.19
1,141.03
1,140.19
1,138.5
1,138.46
1,138.08
1,138
1,137.96
1,137.33
1,137.08
1,136.38
1,135.75
1,135.67
1,135.13
1,135.08
1,134.66
1,134.04
1,134
1,133.64
1,133.3
1,133.17
1,133.13
1,133.06
1,132.33
1,132.29
1,132.25
1,131.69
1,131.58
1,131.46
1,131.42
1,131.22
1,130.71
1,130.63
1,130.58
1,129.38
1,129.08
1,128.6
1,128.25
1,127.89
1,127.54
1,127.24
1,127.09
1,126.54
1,125.96
1,125.88
2,125
1,125
1,124.87
1,124.83
1,124.79
1,124.27
1,124.16
1,124.08
1,122.99
1,122.65
1,122.58
1,122.5
1,121.06
1,120.92
1,120.88
1,120.17
1,120
1,119.77
1,119.51
1,119.13
1,118.38
1,118.33
1,118.25
1,117.63
1,117.42
1,116.71
1,116.69
1,116.67
1,115.42
1,114.62
1,114.34
1,113.99
1,113.45
1,112.67
1,112.5
1,112.37
1,112.35
1,111.86
1,111.79
1,111.73
1,110.92
1,110.6
1,110.13
4,110
3,110
2,110
1,109.25
1,109.19
1,108.75
1,107.58
1,106.4
1,106.04
1,105.96
1,105.71
1,105.21
1,103.57
1,103.4
1,102.5
1,101.92
1,101.17
1,101
1,100.17
1,100
1,99.96
1,98.79
1,98.75
1,98.54
1,97.96
1,97.79
1,95.38
1,93.75
1,92.88
1,91.33
1,90.42
1,89.79
1,88.83
1,88.75
1,88.71
1,87.75
1,87.04
1,86.77
1,86.38
1,85.79
1,85.58
6,85
4,85
3,85
2,85
1,85
1,84.63
1,84.21
1,83.33
1,82.5
1,82.21
1,81.42
1,81.33
1,80.46
1,79.95
1,79.83
1,79.67
1,79
1,78.29
1,77.96
1,76.55
1,75.79
1,75.75
1,75.71
1,75.67
1,75.58
1,74.96
1,74.75
1,72.33
1,69.92
1,69
1,66.38
1,65.79
1,65.67
7,65
2,65
1,65
1,64.88
1,62.46
1,61.79
1,61.71
1,61.63
1,60.79
2,59.95
1,59.95
1,59.53
1,58.5
1,58.33
2,58.29
1,58.29
4,57.95
1,57.95
1,57.67
1,57.63
1,57.58
1,56.79
1,56.04
1,55.64
1,55.08
1,54.25
2,53.55
1,53.54
1,53.33
10,52.77
1,51.02
1,50.96
1,50.64
1,50.6
2,50
1,50
2,49.96
1,49.96
3,49.95
2,49.95
1,49.95
1,49.62
1,49.46
1,49.13
1,48
1,47.67
1,46.86
1,46.13
1,46
3,45
1,45
1,43.57
4,42.95
1,42.75
1,42.55
10,41.75
4,41.75
1,41.67
2,41.63
1,41.63
10,40
9,40
8,40
7,40
6,40
5,40
4,40
3,40
2,40
1,40
1,39.96
6,39.95
3,39.95
2,39.95
1,39.95
1,39.5
1,39.13
1,38.26
1,37.5
1,37.46
1,36.71
1,36.5
1,36.17
1,36.13
1,36.08
9,35.95
2,35.95
1,35.95
5,35.75
3,35.75
2,35.75
3,35
1,35
24,34.95
20,34.95
18,34.95
16,34.95
12,34.95
10,34.95
9,34.95
8,34.95
6,34.95
4,34.95
1,34.5
1,34.04
3,34
2,34
1,34
1,33.33
4,33.29
2,33.29
1,33.29
1,33.05
4,32.95
1,32.95
72,32.69
1,32.22
1,30
6,29.95
4,29.95
3,29.95
2,29.95
1,29.95
2,29.79
1,29.79
1,29.74
1,29.53
1,29.43
4,29.17
2,29.17
1,29.17
2,29.13
1,29.13
1,28.66
10,28
8,28
7,28
6,28
5,28
4,28
3,28
2,28
1,28
1,27
1,26.95
1,26.33
1,25.95
1,25.53
79,25.49
52,25.49
38,25.49
33,25.49
25,25.49
11,25.49
6,25.49
5,25.49
4,25.49
3,25.49
2,25.49
1,25.49
6,25
2,25
1,25
27,24.96
22,24.96
17,24.96
15,24.96
14,24.96
13,24.96
12,24.96
11,24.96
10,24.96
9,24.96
8,24.96
7,24.96
6,24.96
5,24.96
4,24.96
3,24.96
2,24.96
1,24.96
18,24.95
12,24.95
6,24.95
3,24.95
2,24.95
1,24.95
1,24.67
1,23.53
1,23
1,22
8,21.95
4,21.95
3,21.95
2,21.95
1,21.95
1,21.74
3,21.23
2,21.23
1,21.23
120,20.8
4,20.8
125,20.79
15,20.79
11,20.79
10,20.79
6,20.79
5,20.79
4,20.79
3,20.79
2,20.79
1,20.79
1,20.5
3,20.38
2,20.38
1,20.38
2,20
1,20
18,19.96
10,19.96
7,19.96
4,19.96
3,19.96
2,19.96
1,19.96
45,19.95
5,19.95
4,19.95
3,19.95
2,19.95
1,19.95
96,19.94
30,19.84
1,19.75
1,19.53
1,19.13
3,18.95
2,18.95
1,18.95
1,18.68
2,18.29
1,18.29
21,18
18,18
16,18
11,18
9,18
8,18
7,18
6,18
5,18
4,18
3,18
2,18
1,18
2,17.88
1,17.88
1,17.02
5,17
13,16.98
9,16.98
7,16.98
6,16.98
5,16.98
4,16.98
3,16.98
2,16.98
1,16.98
80,16.95
30,16.95
6,16.95
5,16.95
4,16.95
3,16.95
2,16.95
1,16.95
3,16.67
2,16.67
1,16.67
4,16.65
2,16.65
1,16.65
49,16.63
44,16.63
28,16.63
20,16.63
18,16.63
16,16.63
10,16.63
8,16.63
7,16.63
6,16.63
5,16.63
4,16.63
3,16.63
2,16.63
1,16.63
1,16.46
1,16.42
4,16.13
3,16.13
2,16.13
1,16.13
16,15.95
8,15.95
6,15.95
4,15.95
3,15.95
2,15.95
1,15.95
8,15.79
7,15.79
6,15.79
5,15.79
4,15.79
3,15.79
2,15.79
1,15.79
1,15.28
11,15
10,15
9,15
8,15
7,15
6,15
5,15
4,15
3,15
2,15
1,15
5,14.96
4,14.96
3,14.96
2,14.96
1,14.96
36,14.95
32,14.95
28,14.95
24,14.95
20,14.95
18,14.95
17,14.95
16,14.95
15,14.95
14,14.95
12,14.95
11,14.95
9,14.95
8,14.95
7,14.95
6,14.95
5,14.95
4,14.95
3,14.95
2,14.95
1,14.95
10,14.55
6,14.55
5,14.43
4,14.43
3,14.43
2,14.43
1,14.43
11,14.13
7,14.13
6,14.13
5,14.13
4,14.13
3,14.13
2,14.13
1,14.13
5,13.57
3,13.57
2,13.57
1,13.57
150,13.35
1,13.31
7,13.29
5,13.29
4,13.29
3,13.29
2,13.29
1,13.29
1,13.16
2,13.13
1,13.13
160,12.98
11,12.96
81,12.95
67,12.95
54,12.95
45,12.95
41,12.95
28,12.95
20,12.95
14,12.95
9,12.95
8,12.95
7,12.95
96,12.75
60,12.75
48,12.75
36,12.75
32,12.75
30,12.75
28,12.75
24,12.75
20,12.75
18,12.75
16,12.75
15,12.75
14,12.75
13,12.75
12,12.75
11,12.75
10,12.75
9,12.75
8,12.75
7,12.75
6,12.75
5,12.75
4,12.75
3,12.75
2,12.75
1,12.75
48,12.72
47,12.72
43,12.72
40,12.72
35,12.72
34,12.72
31,12.72
30,12.72
26,12.72
20,12.72
18,12.72
15,12.72
13,12.72
12,12.72
10,12.72
8,12.72
7,12.72
4,12.72
3,12.72
2,12.72
1,12.72
24,12.5
12,12.5
9,12.5
8,12.5
6,12.5
5,12.5
4,12.5
3,12.5
2,12.5
1,12.5
200,12.48
74,12.48
2,12.48
1,12.48
29,12.46
25,12.46
22,12.46
20,12.46
18,12.46
16,12.46
14,12.46
13,12.46
12,12.46
11,12.46
10,12.46
9,12.46
8,12.46
7,12.46
6,12.46
5,12.46
4,12.46
3,12.46
2,12.46
1,12.46
1,12.29
2,12.21
1,12.21
1,12
6,11.95
4,11.95
3,11.95
2,11.95
1,11.95
1,11.9
6,11.87
5,11.87
4,11.87
3,11.87
2,11.87
1,11.87
40,11.67
1,11.65
32,11.63
30,11.63
11,11.63
10,11.63
8,11.63
4,11.63
3,11.63
2,11.63
1,11.63
1,11.27
1,11.17
48,11.15
24,11.15
16,11.15
12,11.15
10,11.15
8,11.15
6,11.15
1,11.05
66,11.02
34,11.02
14,11.02
11,11.02
10,11.02
9,11.02
8,11.02
7,11.02
6,11.02
5,11.02
4,11.02
3,11.02
2,11.02
1,11.02
300,10.95
272,10.95
216,10.95
192,10.95
160,10.95
150,10.95
144,10.95
128,10.95
120,10.95
112,10.95
96,10.95
80,10.95
72,10.95
64,10.95
60,10.95
56,10.95
54,10.95
48,10.95
40,10.95
39,10.95
36,10.95
34,10.95
32,10.95
30,10.95
24,10.95
22,10.95
21,10.95
20,10.95
18,10.95
17,10.95
16,10.95
14,10.95
12,10.95
11,10.95
10,10.95
9,10.95
8,10.95
7,10.95
6,10.95
5,10.95
4,10.95
3,10.95
2,10.95
1,10.95
1,10.85
1,10.82
143,10.79
124,10.79
115,10.79
88,10.79
81,10.79
69,10.79
66,10.79
65,10.79
63,10.79
59,10.79
58,10.79
52,10.79
49,10.79
48,10.79
46,10.79
45,10.79
42,10.79
41,10.79
40,10.79
37,10.79
34,10.79
33,10.79
31,10.79
30,10.79
29,10.79
28,10.79
25,10.79
24,10.79
21,10.79
20,10.79
18,10.79
17,10.79
16,10.79
15,10.79
14,10.79
13,10.79
12,10.79
11,10.79
10,10.79
9,10.79
8,10.79
7,10.79
6,10.79
5,10.79
4,10.79
3,10.79
2,10.79
1,10.79
12,10.75
4,10.75
3,10.75
2,10.75
1,10.75
10,10.65
6,10.65
2,10.65
1,10.65
1,10.62
60,10.4
24,10.4
16,10.4
12,10.4
8,10.4
6,10.4
5,10.4
4,10.4
3,10.4
2,10.4
1,10.4
100,10.39
10,10.39
8,10.39
2,10.29
1,10.2
1,10.19
5,10.17
4,10.17
3,10.17
2,10.17
1,10.17
20,10.13
4,10.13
100,10
40,10
2,10
1,10
36,9.98
4,9.98
1,9.98
30,9.96
24,9.96
15,9.96
10,9.96
7,9.96
6,9.96
4,9.96
3,9.96
2,9.96
1,9.96
72,9.95
57,9.95
49,9.95
48,9.95
40,9.95
32,9.95
27,9.95
25,9.95
24,9.95
23,9.95
20,9.95
18,9.95
16,9.95
15,9.95
14,9.95
12,9.95
10,9.95
9,9.95
8,9.95
7,9.95
6,9.95
5,9.95
4,9.95
3,9.95
2,9.95
1,9.95
23,9.89
5,9.86
1,9.77
2,9.57
1,9.57
32,9.42
4,9.34
1,9.34
210,9.32
104,9.32
75,9.32
68,9.32
52,9.32
33,9.32
25,9.32
19,9.32
17,9.32
10,9.32
9,9.32
8,9.32
7,9.32
6,9.32
5,9.32
4,9.32
3,9.32
2,9.32
1,9.32
16,9.16
48,9.15
7,9.15
3,9.15
2,9.15
1,9.15
57,9.13
54,9.13
50,9.13
48,9.13
45,9.13
39,9.13
38,9.13
37,9.13
36,9.13
35,9.13
34,9.13
32,9.13
31,9.13
29,9.13
28,9.13
25,9.13
24,9.13
22,9.13
21,9.13
20,9.13
19,9.13
18,9.13
17,9.13
16,9.13
15,9.13
14,9.13
13,9.13
12,9.13
11,9.13
10,9.13
9,9.13
8,9.13
7,9.13
6,9.13
5,9.13
4,9.13
3,9.13
2,9.13
1,9.13
1,9.08
120,8.95
71,8.95
48,8.95
39,8.95
38,8.95
30,8.95
27,8.95
24,8.95
19,8.95
18,8.95
12,8.95
10,8.95
9,8.95
8,8.95
6,8.95
5,8.95
4,8.95
3,8.95
2,8.95
1,8.95
186,8.87
48,8.87
1,8.62
200,8.5
156,8.5
100,8.5
96,8.5
84,8.5
83,8.5
72,8.5
64,8.5
54,8.5
48,8.5
42,8.5
40,8.5
36,8.5
33,8.5
32,8.5
31,8.5
30,8.5
29,8.5
24,8.5
22,8.5
20,8.5
19,8.5
18,8.5
17,8.5
16,8.5
14,8.5
13,8.5
12,8.5
11,8.5
10,8.5
9,8.5
8,8.5
7,8.5
6,8.5
5,8.5
4,8.5
3,8.5
2,8.5
1,8.5
50,8.49
32,8.49
27,8.49
24,8.49
18,8.49
16,8.49
12,8.49
10,8.49
8,8.49
6,8.49
5,8.49
4,8.49
2,8.49
1,8.49
215,8.47
197,8.47
129,8.47
120,8.47
115,8.47
108,8.47
106,8.47
82,8.47
71,8.47
58,8.47
47,8.47
40,8.47
37,8.47
34,8.47
30,8.47
28,8.47
27,8.47
24,8.47
23,8.47
21,8.47
20,8.47
19,8.47
18,8.47
16,8.47
15,8.47
14,8.47
13,8.47
12,8.47
11,8.47
10,8.47
9,8.47
8,8.47
7,8.47
6,8.47
5,8.47
4,8.47
3,8.47
2,8.47
1,8.47
23,8.33
3,8.33
2,8.33
1,8.33
2,8.32
1,8.32
47,8.29
42,8.29
41,8.29
40,8.29
36,8.29
35,8.29
34,8.29
31,8.29
30,8.29
29,8.29
27,8.29
26,8.29
25,8.29
24,8.29
23,8.29
22,8.29
20,8.29
19,8.29
18,8.29
17,8.29
16,8.29
15,8.29
14,8.29
13,8.29
12,8.29
11,8.29
10,8.29
9,8.29
8,8.29
7,8.29
6,8.29
5,8.29
4,8.29
3,8.29
2,8.29
1,8.29
48,8.25
24,8.25
12,8.25
10,8.25
9,8.25
8,8.25
7,8.25
6,8.25
5,8.25
4,8.25
3,8.25
2,8.25
1,8.25
540,8.15
384,8.15
66,8.15
60,8.15
40,8.15
36,8.15
26,8.15
24,8.15
16,8.15
14,8.15
12,8.15
10,8.15
8,8.15
7,8.15
6,8.15
4,8.15
2,8.15
1,8.15
48,8.12
3,8.07
1,8.07
48,8
40,8
30,8
20,8
2,8
42,7.95
40,7.95
39,7.95
38,7.95
21,7.95
17,7.95
16,7.95
12,7.95
10,7.95
9,7.95
8,7.95
7,7.95
6,7.95
5,7.95
4,7.95
3,7.95
2,7.95
1,7.95
8,7.9
6,7.9
4,7.9
3,7.9
2,7.9
1,7.9
6,7.85
4,7.85
3,7.85
2,7.85
1,7.85
32,7.84
348,7.65
109,7.65
108,7.65
96,7.65
90,7.65
72,7.65
70,7.65
69,7.65
60,7.65
48,7.65
43,7.65
40,7.65
36,7.65
32,7.65
30,7.65
28,7.65
24,7.65
22,7.65
20,7.65
18,7.65
16,7.65
15,7.65
14,7.65
12,7.65
10,7.65
8,7.65
6,7.65
4,7.65
3,7.65
2,7.65
1,7.65
2,7.64
1,7.64
49,7.62
43,7.62
38,7.62
30,7.62
20,7.62
16,7.62
12,7.62
10,7.62
9,7.62
8,7.62
7,7.62
6,7.62
5,7.62
4,7.62
3,7.62
2,7.62
1,7.62
96,7.5
84,7.5
64,7.5
50,7.5
48,7.5
32,7.5
16,7.5
10,7.5
9,7.5
8,7.5
7,7.5
6,7.5
5,7.5
4,7.5
3,7.5
2,7.5
1,7.5
2,7.48
1,7.48
41,7.46
34,7.46
32,7.46
28,7.46
26,7.46
22,7.46
19,7.46
18,7.46
16,7.46
15,7.46
14,7.46
13,7.46
12,7.46
11,7.46
10,7.46
9,7.46
8,7.46
7,7.46
6,7.46
5,7.46
4,7.46
3,7.46
2,7.46
1,7.46
180,7.45
150,7.45
120,7.45
100,7.45
48,7.45
24,7.45
20,7.45
13,7.45
12,7.45
10,7.45
9,7.45
8,7.45
6,7.45
4,7.45
2,7.45
1,7.45
52,7.25
20,7.25
16,7.25
12,7.25
4,7.25
2,7.25
1,7.25
1,7.22
1,7.18
114,7.13
18,7.13
200,7.08
150,7.08
80,7.08
60,7.08
58,7.08
50,7.08
48,7.08
44,7.08
40,7.08
30,7.08
28,7.08
24,7.08
20,7.08
16,7.08
15,7.08
14,7.08
12,7.08
10,7.08
8,7.08
6,7.08
4,7.08
5,7.07
3,7.07
2,7.07
1,7.07
16,7.05
14,7.05
12,7.05
10,7.05
8,7.05
6,7.05
4,7.05
2,7.05
1,7.05
1,7
200,6.98
60,6.98
24,6.98
688,6.95
478,6.95
326,6.95
244,6.95
171,6.95
163,6.95
144,6.95
120,6.95
96,6.95
64,6.95
61,6.95
60,6.95
56,6.95
48,6.95
47,6.95
40,6.95
36,6.95
32,6.95
24,6.95
18,6.95
16,6.95
14,6.95
12,6.95
11,6.95
10,6.95
9,6.95
8,6.95
7,6.95
6,6.95
5,6.95
4,6.95
3,6.95
2,6.95
1,6.95
16,6.91
4,6.89
32,6.79
2,6.79
85,6.78
104,6.77
82,6.77
78,6.77
67,6.77
53,6.77
46,6.77
35,6.77
33,6.77
31,6.77
27,6.77
26,6.77
25,6.77
23,6.77
21,6.77
20,6.77
18,6.77
17,6.77
15,6.77
14,6.77
11,6.77
10,6.77
9,6.77
8,6.77
7,6.77
6,6.77
5,6.77
4,6.77
3,6.77
2,6.77
1,6.77
670,6.75
100,6.75
70,6.75
60,6.75
50,6.75
40,6.75
36,6.75
32,6.75
30,6.75
24,6.75
22,6.75
20,6.75
19,6.75
18,6.75
16,6.75
15,6.75
14,6.75
12,6.75
11,6.75
10,6.75
9,6.75
8,6.75
6,6.75
5,6.75
4,6.75
3,6.75
2,6.75
1,6.75
128,6.72
16,6.72
48,6.71
1,6.7
120,6.67
78,6.67
72,6.67
42,6.67
12,6.67
40,6.65
20,6.65
16,6.65
12,6.65
10,6.65
8,6.65
6,6.65
5,6.65
4,6.65
3,6.65
2,6.65
1,6.65
100,6.63
89,6.63
86,6.63
58,6.63
48,6.63
32,6.63
27,6.63
24,6.63
20,6.63
19,6.63
18,6.63
17,6.63
16,6.63
15,6.63
14,6.63
13,6.63
12,6.63
11,6.63
10,6.63
9,6.63
8,6.63
7,6.63
6,6.63
5,6.63
4,6.63
3,6.63
2,6.63
1,6.63
28,6.62
19,6.62
16,6.62
14,6.62
11,6.62
7,6.62
5,6.62
3,6.62
2,6.62
20,6.6
15,6.6
9,6.6
6,6.6
1,6.58
1,6.54
416,6.5
384,6.5
120,6.5
48,6.5
40,6.5
10,6.45
6,6.45
4,6.45
3,6.45
2,6.45
1,6.45
30,6.42
204,6.4
600,6.38
504,6.38
408,6.38
300,6.38
80,6.38
2,6.37
1,6.37
48,6.36
2,6.36
670,6.35
204,6.35
84,6.35
72,6.35
62,6.35
48,6.35
36,6.35
30,6.35
25,6.35
24,6.35
22,6.35
19,6.35
18,6.35
14,6.35
12,6.35
8,6.35
6,6.35
5,6.35
4,6.35
3,6.35
2,6.35
1,6.35
1,6.32
120,6.25
48,6.25
40,6.25
36,6.25
24,6.25
16,6.25
12,6.25
10,6.25
9,6.25
8,6.25
7,6.25
6,6.25
5,6.25
4,6.25
3,6.25
2,6.25
1,6.25
4,6.23
2,6.23
1,6.23
192,6
48,6
10,6
1,6
6,5.97
236,5.95
135,5.95
120,5.95
78,5.95
72,5.95
64,5.95
48,5.95
45,5.95
41,5.95
40,5.95
37,5.95
36,5.95
33,5.95
32,5.95
30,5.95
28,5.95
25,5.95
24,5.95
21,5.95
20,5.95
18,5.95
17,5.95
16,5.95
15,5.95
14,5.95
13,5.95
12,5.95
11,5.95
10,5.95
9,5.95
8,5.95
7,5.95
6,5.95
5,5.95
4,5.95
3,5.95
2,5.95
1,5.95
2,5.94
1,5.94
138,5.91
98,5.91
90,5.91
44,5.91
35,5.91
33,5.91
31,5.91
29,5.91
27,5.91
26,5.91
24,5.91
23,5.91
22,5.91
21,5.91
20,5.91
17,5.91
16,5.91
15,5.91
14,5.91
13,5.91
12,5.91
11,5.91
10,5.91
9,5.91
8,5.91
7,5.91
6,5.91
5,5.91
4,5.91
3,5.91
2,5.91
1,5.91
304,5.88
256,5.88
204,5.88
200,5.88
108,5.88
104,5.88
87,5.88
84,5.88
83,5.88
48,5.88
25,5.88
3,5.83
2,5.83
1,5.83
2,5.82
1,5.82
64,5.79
60,5.79
55,5.79
52,5.79
51,5.79
49,5.79
48,5.79
47,5.79
41,5.79
38,5.79
33,5.79
29,5.79
28,5.79
25,5.79
24,5.79
23,5.79
21,5.79
20,5.79
19,5.79
18,5.79
17,5.79
16,5.79
15,5.79
14,5.79
13,5.79
12,5.79
11,5.79
10,5.79
9,5.79
8,5.79
7,5.79
6,5.79
5,5.79
4,5.79
3,5.79
2,5.79
1,5.79
240,5.75
16,5.75
12,5.75
11,5.75
10,5.75
9,5.75
8,5.75
6,5.75
5,5.75
4,5.75
3,5.75
2,5.75
1,5.75
2,5.74
1,5.74
114,5.68
12,5.68
120,5.66
104,5.66
16,5.66
12,5.66
104,5.64
16,5.64
17,5.63
7,5.63
4,5.63
3,5.63
2,5.63
1,5.63
96,5.55
42,5.55
36,5.55
33,5.55
32,5.55
24,5.55
12,5.55
2,5.51
1,5.51
132,5.49
36,5.49
12,5.49
6,5.49
5,5.49
4,5.49
3,5.49
2,5.49
1,5.49
96,5.45
48,5.45
36,5.45
30,5.45
27,5.45
26,5.45
24,5.45
22,5.45
21,5.45
20,5.45
18,5.45
16,5.45
15,5.45
14,5.45
12,5.45
10,5.45
9,5.45
8,5.45
7,5.45
6,5.45
5,5.45
4,5.45
3,5.45
2,5.45
1,5.45
2,5.4
1,5.4
240,5.39
60,5.39
48,5.39
36,5.39
28,5.39
27,5.39
24,5.39
21,5.39
18,5.39
16,5.39
14,5.39
12,5.39
6,5.39
4,5.39
3,5.38
2,5.38
1,5.38
180,5.35
120,5.35
45,5.35
36,5.35
28,5.35
20,5.35
18,5.35
12,5.35
8,5.35
6,5.35
4,5.35
96,5.32
1,5.21
612,5.18
50,5.17
352,5.15
186,5.15
1,5.15
20,5.14
139,5.13
496,5.1
416,5.1
288,5.1
78,5.1
30,5.1
4,5.09
2,5.09
1,5.09
152,5.08
48,5.08
1412,5.06
756,5.06
36,5.06
35,5.06
33,5.06
27,5.06
26,5.06
25,5.06
24,5.06
23,5.06
22,5.06
21,5.06
20,5.06
19,5.06
18,5.06
16,5.06
15,5.06
14,5.06
13,5.06
12,5.06
11,5.06
10,5.06
9,5.06
8,5.06
7,5.06
6,5.06
5,5.06
4,5.06
3,5.06
2,5.06
1,5.06
96,5
24,5
20,5
6,5
1,5
5,4.99
2,4.99
112,4.98
16,4.98
4,4.98
3,4.98
2,4.98
1,4.98
74,4.96
64,4.96
61,4.96
60,4.96
54,4.96
50,4.96
48,4.96
46,4.96
45,4.96
44,4.96
43,4.96
42,4.96
40,4.96
38,4.96
37,4.96
36,4.96
35,4.96
34,4.96
33,4.96
31,4.96
30,4.96
28,4.96
27,4.96
26,4.96
25,4.96
24,4.96
23,4.96
22,4.96
21,4.96
20,4.96
19,4.96
18,4.96
17,4.96
16,4.96
15,4.96
14,4.96
13,4.96
12,4.96
11,4.96
10,4.96
9,4.96
8,4.96
7,4.96
6,4.96
5,4.96
4,4.96
3,4.96
2,4.96
1,4.96
628,4.95
484,4.95
404,4.95
392,4.95
375,4.95
314,4.95
264,4.95
257,4.95
240,4.95
232,4.95
225,4.95
215,4.95
211,4.95
193,4.95
192,4.95
180,4.95
165,4.95
158,4.95
156,4.95
153,4.95
147,4.95
144,4.95
138,4.95
133,4.95
131,4.95
120,4.95
111,4.95
102,4.95
100,4.95
98,4.95
96,4.95
95,4.95
94,4.95
86,4.95
82,4.95
81,4.95
80,4.95
72,4.95
68,4.95
63,4.95
60,4.95
59,4.95
56,4.95
55,4.95
54,4.95
48,4.95
45,4.95
44,4.95
43,4.95
42,4.95
41,4.95
40,4.95
37,4.95
36,4.95
33,4.95
32,4.95
30,4.95
29,4.95
27,4.95
25,4.95
24,4.95
23,4.95
22,4.95
21,4.95
20,4.95
19,4.95
18,4.95
17,4.95
16,4.95
15,4.95
14,4.95
13,4.95
12,4.95
11,4.95
10,4.95
9,4.95
8,4.95
7,4.95
6,4.95
5,4.95
4,4.95
3,4.95
2,4.95
1,4.95
108,4.86
2,4.81
1,4.81
300,4.8
204,4.8
120,4.8
108,4.8
83,4.8
48,4.8
25,4.8
12,4.8
1,4.79
600,4.78
408,4.78
48,4.78
300,4.77
204,4.77
168,4.77
120,4.77
108,4.77
24,4.77
120,4.76
12,4.76
2,4.71
1,4.71
96,4.7
8,4.68
36,4.67
6,4.67
480,4.65
120,4.65
100,4.65
50,4.65
48,4.65
36,4.65
27,4.65
24,4.65
20,4.65
18,4.65
16,4.65
15,4.65
14,4.65
12,4.65
11,4.65
10,4.65
9,4.65
8,4.65
7,4.65
6,4.65
5,4.65
4,4.65
3,4.65
2,4.65
1,4.65
132,4.62
16,4.62
12,4.62
230,4.6
152,4.6
90,4.6
48,4.6
44,4.6
20,4.6
15,4.6
12,4.6
6,4.6
600,4.58
500,4.58
450,4.58
400,4.58
350,4.58
300,4.58
200,4.58
150,4.58
101,4.58
100,4.58
93,4.58
20,4.58
5,4.58
4,4.58
3,4.58
2,4.58
1,4.58
24,4.5
12,4.5
1,4.5
1,4.48
100,4.3
60,4.27
852,4.25
420,4.25
312,4.25
240,4.25
216,4.25
210,4.25
204,4.25
188,4.25
160,4.25
144,4.25
120,4.25
100,4.25
96,4.25
72,4.25
66,4.25
64,4.25
60,4.25
57,4.25
54,4.25
50,4.25
48,4.25
42,4.25
40,4.25
36,4.25
35,4.25
34,4.25
33,4.25
32,4.25
30,4.25
28,4.25
27,4.25
26,4.25
25,4.25
24,4.25
23,4.25
21,4.25
20,4.25
18,4.25
16,4.25
15,4.25
12,4.25
11,4.25
10,4.25
9,4.25
8,4.25
7,4.25
6,4.25
5,4.25
4,4.25
3,4.25
2,4.25
1,4.25
4,4.24
3,4.24
2,4.24
1,4.24
38,4.21
35,4.21
34,4.21
31,4.21
30,4.21
26,4.21
25,4.21
22,4.21
21,4.21
20,4.21
19,4.21
18,4.21
17,4.21
16,4.21
15,4.21
14,4.21
13,4.21
12,4.21
11,4.21
10,4.21
9,4.21
8,4.21
7,4.21
6,4.21
5,4.21
4,4.21
3,4.21
2,4.21
1,4.21
756,4.18
708,4.18
72,4.18
16,4.18
8,4.18
1,4.17
1,4.16
698,4.15
576,4.15
360,4.15
240,4.15
200,4.15
196,4.15
192,4.15
152,4.15
150,4.15
144,4.15
126,4.15
120,4.15
112,4.15
108,4.15
100,4.15
96,4.15
80,4.15
72,4.15
64,4.15
60,4.15
56,4.15
52,4.15
50,4.15
48,4.15
44,4.15
40,4.15
36,4.15
32,4.15
30,4.15
28,4.15
25,4.15
24,4.15
22,4.15
20,4.15
18,4.15
16,4.15
15,4.15
12,4.15
11,4.15
10,4.15
9,4.15
8,4.15
7,4.15
6,4.15
5,4.15
4,4.15
3,4.15
2,4.15
1,4.15
112,4.14
16,4.14
279,4.13
108,4.13
94,4.13
90,4.13
85,4.13
68,4.13
64,4.13
60,4.13
58,4.13
57,4.13
56,4.13
55,4.13
53,4.13
52,4.13
49,4.13
48,4.13
47,4.13
46,4.13
45,4.13
44,4.13
42,4.13
41,4.13
40,4.13
39,4.13
38,4.13
37,4.13
36,4.13
35,4.13
34,4.13
33,4.13
32,4.13
31,4.13
30,4.13
29,4.13
28,4.13
27,4.13
26,4.13
25,4.13
24,4.13
23,4.13
22,4.13
21,4.13
20,4.13
19,4.13
18,4.13
17,4.13
16,4.13
15,4.13
14,4.13
13,4.13
12,4.13
11,4.13
10,4.13
9,4.13
8,4.13
7,4.13
6,4.13
5,4.13
4,4.13
3,4.13
2,4.13
1,4.13
4,4.12
744,4.08
250,4.08
222,4.08
160,4.08
136,4.08
24,4.08
20,4.08
180,4.02
132,4
72,4
20,4
10,4
6,4
1,4
480,3.98
12,3.97
370,3.95
323,3.95
192,3.95
171,3.95
168,3.95
163,3.95
158,3.95
153,3.95
144,3.95
139,3.95
137,3.95
129,3.95
120,3.95
116,3.95
102,3.95
99,3.95
98,3.95
95,3.95
85,3.95
82,3.95
80,3.95
74,3.95
73,3.95
63,3.95
59,3.95
48,3.95
42,3.95
40,3.95
36,3.95
33,3.95
31,3.95
30,3.95
29,3.95
28,3.95
25,3.95
24,3.95
20,3.95
19,3.95
18,3.95
17,3.95
16,3.95
15,3.95
13,3.95
12,3.95
11,3.95
10,3.95
8,3.95
7,3.95
6,3.95
5,3.95
4,3.95
3,3.95
2,3.95
1,3.95
120,3.92
112,3.91
79,3.91
25,3.91
126,3.9
120,3.9
112,3.9
18,3.89
160,3.88
126,3.88
108,3.88
84,3.88
72,3.88
54,3.88
48,3.88
36,3.88
208,3.86
112,3.86
304,3.85
9,3.83
7,3.83
6,3.83
4,3.83
1,3.83
200,3.82
192,3.82
96,3.82
1,3.82
120,3.81
60,3.81
56,3.81
54,3.81
48,3.81
36,3.81
28,3.81
24,3.81
18,3.81
16,3.81
12,3.81
8,3.81
6,3.81
2,3.81
1,3.81
696,3.75
384,3.75
360,3.75
336,3.75
300,3.75
288,3.75
240,3.75
200,3.75
192,3.75
180,3.75
144,3.75
128,3.75
120,3.75
108,3.75
100,3.75
96,3.75
78,3.75
72,3.75
66,3.75
64,3.75
60,3.75
54,3.75
50,3.75
48,3.75
44,3.75
42,3.75
40,3.75
39,3.75
36,3.75
32,3.75
30,3.75
28,3.75
26,3.75
25,3.75
24,3.75
22,3.75
21,3.75
20,3.75
19,3.75
18,3.75
17,3.75
16,3.75
15,3.75
14,3.75
13,3.75
12,3.75
11,3.75
10,3.75
9,3.75
8,3.75
7,3.75
6,3.75
5,3.75
4,3.75
3,3.75
2,3.75
1,3.75
6,3.73
3,3.73
2,3.73
1,3.73
1,3.59
216,3.58
108,3.58
18,3.58
126,3.57
18,3.57
13,3.57
3,3.5
2,3.5
1,3.5
6,3.49
1,3.49
264,3.45
240,3.45
192,3.45
168,3.45
120,3.45
96,3.45
80,3.45
72,3.45
50,3.45
48,3.45
40,3.45
39,3.45
36,3.45
24,3.45
22,3.45
20,3.45
18,3.45
17,3.45
16,3.45
12,3.45
11,3.45
10,3.45
8,3.45
6,3.45
5,3.45
4,3.45
3,3.45
2,3.45
1,3.45
16,3.44
114,3.4
960,3.39
500,3.39
480,3.39
408,3.39
400,3.39
360,3.39
336,3.39
324,3.39
300,3.39
288,3.39
240,3.39
228,3.39
216,3.39
200,3.39
192,3.39
180,3.39
160,3.39
144,3.39
128,3.39
120,3.39
116,3.39
108,3.39
100,3.39
96,3.39
84,3.39
80,3.39
72,3.39
64,3.39
60,3.39
54,3.39
53,3.39
52,3.39
50,3.39
48,3.39
42,3.39
40,3.39
36,3.39
32,3.39
30,3.39
28,3.39
25,3.39
24,3.39
20,3.39
18,3.39
16,3.39
15,3.39
12,3.39
10,3.39
9,3.39
8,3.39
6,3.39
4,3.39
1,3.39
1,3.38
200,3.37
192,3.37
72,3.37
48,3.37
65,3.36
55,3.36
50,3.36
39,3.36
33,3.36
31,3.36
30,3.36
28,3.36
27,3.36
22,3.36
21,3.36
20,3.36
19,3.36
18,3.36
17,3.36
16,3.36
15,3.36
14,3.36
13,3.36
12,3.36
11,3.36
10,3.36
9,3.36
8,3.36
7,3.36
6,3.36
5,3.36
4,3.36
3,3.36
2,3.36
1,3.36
18,3.35
12,3.35
6,3.35
5,3.35
4,3.35
3,3.35
2,3.35
1,3.35
16,3.33
8,3.33
7,3.33
6,3.33
3,3.33
2,3.33
1,3.33
408,3.32
300,3.32
250,3.32
120,3.32
108,3.32
83,3.32
48,3.32
25,3.32
18,3.32
2,3.32
1,3.32
620,3.3
50,3.3
1,3.3
240,3.29
168,3.29
144,3.29
120,3.29
101,3.29
96,3.29
93,3.29
72,3.29
64,3.29
49,3.29
48,3.29
45,3.29
39,3.29
38,3.29
37,3.29
36,3.29
35,3.29
34,3.29
32,3.29
30,3.29
29,3.29
28,3.29
27,3.29
26,3.29
25,3.29
24,3.29
23,3.29
22,3.29
21,3.29
20,3.29
19,3.29
18,3.29
17,3.29
16,3.29
15,3.29
14,3.29
13,3.29
12,3.29
11,3.29
10,3.29
9,3.29
8,3.29
7,3.29
6,3.29
5,3.29
4,3.29
3,3.29
2,3.29
1,3.29
360,3.28
18,3.28
6,3.28
144,3.26
108,3.26
10,3.26
2,3.26
120,3.25
96,3.25
72,3.25
53,3.25
48,3.25
40,3.25
36,3.25
25,3.25
24,3.25
20,3.25
18,3.25
16,3.25
15,3.25
14,3.25
13,3.25
12,3.25
10,3.25
9,3.25
8,3.25
7,3.25
6,3.25
5,3.25
4,3.25
3,3.25
2,3.25
1,3.25
1010,3.24
860,3.24
608,3.24
552,3.24
480,3.24
352,3.24
224,3.24
128,3.24
6,3.24
1284,3.21
378,3.21
342,3.21
330,3.21
150,3.21
102,3.21
36,3.21
12,3.21
992,3.2
760,3.2
500,3.2
416,3.2
396,3.2
320,3.2
252,3.2
248,3.2
224,3.2
222,3.2
192,3.2
128,3.2
124,3.2
96,3.2
48,3.2
16,3.19
8,3.19
144,3.16
60,3.15
5,3.14
9,3.13
80,3.12
16,3.12
8,3.12
1,3.01
24,3
2,3
1,3
620,2.99
1,2.99
5,2.98
4,2.98
3,2.98
2,2.98
1,2.98
48,2.96
7,2.96
2,2.96
1,2.96
408,2.95
384,2.95
360,2.95
350,2.95
335,2.95
320,2.95
268,2.95
249,2.95
246,2.95
242,2.95
240,2.95
232,2.95
210,2.95
200,2.95
183,2.95
180,2.95
168,2.95
164,2.95
156,2.95
152,2.95
140,2.95
131,2.95
130,2.95
122,2.95
118,2.95
117,2.95
109,2.95
104,2.95
96,2.95
90,2.95
84,2.95
78,2.95
77,2.95
75,2.95
72,2.95
66,2.95
63,2.95
62,2.95
61,2.95
60,2.95
58,2.95
57,2.95
51,2.95
50,2.95
49,2.95
48,2.95
45,2.95
42,2.95
40,2.95
36,2.95
35,2.95
32,2.95
30,2.95
29,2.95
27,2.95
25,2.95
24,2.95
23,2.95
22,2.95
21,2.95
20,2.95
19,2.95
18,2.95
17,2.95
16,2.95
15,2.95
14,2.95
13,2.95
12,2.95
11,2.95
10,2.95
9,2.95
8,2.95
7,2.95
6,2.95
5,2.95
4,2.95
3,2.95
2,2.95
1,2.95
94,2.94
1,2.94
13,2.92
11,2.92
10,2.92
9,2.92
8,2.92
7,2.92
6,2.92
5,2.92
4,2.92
3,2.92
2,2.92
1,2.92
4,2.91
3,2.91
2,2.91
1,2.91
9,2.9
7,2.9
4,2.9
3,2.9
2,2.9
1,2.9
216,2.89
144,2.89
96,2.89
48,2.89
42,2.89
36,2.89
30,2.89
24,2.89
20,2.89
18,2.89
16,2.89
15,2.89
14,2.89
12,2.89
11,2.89
10,2.89
9,2.89
8,2.89
7,2.89
6,2.89
5,2.89
4,2.89
3,2.89
2,2.89
1,2.89
4,2.88
2,2.88
40,2.85
6,2.82
3,2.82
9,2.76
6,2.76
3,2.76
1404,2.75
696,2.75
660,2.75
428,2.75
384,2.75
360,2.75
288,2.75
240,2.75
200,2.75
192,2.75
144,2.75
120,2.75
100,2.75
96,2.75
72,2.75
64,2.75
62,2.75
60,2.75
48,2.75
41,2.75
36,2.75
32,2.75
28,2.75
24,2.75
18,2.75
14,2.75
12,2.75
11,2.75
8,2.75
6,2.75
2,2.75
888,2.69
324,2.69
252,2.69
128,2.69
30,2.69
240,2.67
192,2.67
192,2.66
144,2.66
120,2.66
96,2.66
80,2.66
72,2.66
48,2.66
24,2.66
9,2.66
120,2.65
48,2.65
12,2.65
144,2.62
72,2.62
48,2.6
28,2.6
20,2.6
1930,2.55
1488,2.55
1300,2.55
1020,2.55
768,2.55
720,2.55
620,2.55
612,2.55
512,2.55
500,2.55
480,2.55
408,2.55
400,2.55
336,2.55
330,2.55
320,2.55
300,2.55
288,2.55
261,2.55
256,2.55
255,2.55
252,2.55
250,2.55
240,2.55
200,2.55
198,2.55
192,2.55
180,2.55
168,2.55
160,2.55
156,2.55
150,2.55
144,2.55
128,2.55
120,2.55
117,2.55
114,2.55
112,2.55
100,2.55
96,2.55
81,2.55
80,2.55
78,2.55
75,2.55
72,2.55
70,2.55
66,2.55
64,2.55
63,2.55
62,2.55
60,2.55
56,2.55
54,2.55
52,2.55
51,2.55
50,2.55
48,2.55
46,2.55
44,2.55
42,2.55
40,2.55
36,2.55
33,2.55
32,2.55
30,2.55
29,2.55
27,2.55
26,2.55
25,2.55
24,2.55
22,2.55
20,2.55
19,2.55
18,2.55
17,2.55
16,2.55
15,2.55
14,2.55
13,2.55
12,2.55
11,2.55
10,2.55
9,2.55
8,2.55
7,2.55
6,2.55
5,2.55
4,2.55
3,2.55
2,2.55
1,2.55
2,2.54
1,2.54
267,2.51
258,2.51
213,2.51
172,2.51
135,2.51
116,2.51
104,2.51
99,2.51
97,2.51
95,2.51
90,2.51
80,2.51
76,2.51
71,2.51
70,2.51
61,2.51
57,2.51
56,2.51
54,2.51
50,2.51
48,2.51
47,2.51
45,2.51
44,2.51
37,2.51
36,2.51
35,2.51
33,2.51
32,2.51
30,2.51
29,2.51
28,2.51
26,2.51
25,2.51
24,2.51
23,2.51
22,2.51
21,2.51
20,2.51
19,2.51
18,2.51
17,2.51
16,2.51
15,2.51
14,2.51
13,2.51
12,2.51
11,2.51
10,2.51
9,2.51
8,2.51
7,2.51
6,2.51
5,2.51
4,2.51
3,2.51
2,2.51
1,2.51
744,2.5
24,2.5
20,2.5
16,2.5
12,2.5
11,2.5
10,2.5
9,2.5
8,2.5
7,2.5
6,2.5
5,2.5
4,2.5
3,2.5
2,2.5
1,2.5
216,2.49
144,2.49
96,2.49
72,2.49
60,2.49
48,2.49
36,2.49
30,2.49
24,2.49
20,2.49
18,2.49
16,2.49
14,2.49
13,2.49
12,2.49
10,2.49
9,2.49
8,2.49
7,2.49
6,2.49
5,2.49
4,2.49
3,2.49
2,2.49
1,2.49
120,2.48
8,2.48
6,2.48
3,2.48
2,2.48
1,2.48
228,2.46
219,2.46
208,2.46
205,2.46
184,2.46
181,2.46
180,2.46
177,2.46
175,2.46
146,2.46
145,2.46
138,2.46
132,2.46
129,2.46
126,2.46
124,2.46
123,2.46
118,2.46
117,2.46
114,2.46
113,2.46
112,2.46
111,2.46
110,2.46
108,2.46
105,2.46
104,2.46
102,2.46
98,2.46
97,2.46
96,2.46
95,2.46
94,2.46
93,2.46
92,2.46
91,2.46
90,2.46
89,2.46
88,2.46
86,2.46
85,2.46
84,2.46
83,2.46
81,2.46
80,2.46
78,2.46
76,2.46
75,2.46
74,2.46
72,2.46
71,2.46
70,2.46
69,2.46
68,2.46
67,2.46
66,2.46
65,2.46
64,2.46
63,2.46
62,2.46
61,2.46
60,2.46
59,2.46
58,2.46
57,2.46
56,2.46
55,2.46
54,2.46
53,2.46
52,2.46
51,2.46
50,2.46
49,2.46
48,2.46
47,2.46
46,2.46
45,2.46
44,2.46
43,2.46
42,2.46
41,2.46
40,2.46
39,2.46
38,2.46
37,2.46
36,2.46
35,2.46
34,2.46
33,2.46
32,2.46
31,2.46
30,2.46
29,2.46
28,2.46
27,2.46
26,2.46
25,2.46
24,2.46
23,2.46
22,2.46
21,2.46
20,2.46
19,2.46
18,2.46
17,2.46
16,2.46
15,2.46
14,2.46
13,2.46
12,2.46
11,2.46
10,2.46
9,2.46
8,2.46
7,2.46
6,2.46
5,2.46
4,2.46
3,2.46
2,2.46
1,2.46
140,2.45
2,2.45
1,2.45
96,2.42
384,2.41
336,2.41
144,2.41
96,2.41
48,2.41
1930,2.4
888,2.4
432,2.4
192,2.4
96,2.4
48,2.4
36,2.4
30,2.4
24,2.4
12,2.4
6,2.4
528,2.39
456,2.39
288,2.39
240,2.39
192,2.39
144,2.39
96,2.39
48,2.39
144,2.35
96,2.33
600,2.32
252,2.32
216,2.32
4,2.32
1008,2.31
972,2.31
504,2.31
432,2.31
324,2.31
216,2.31
180,2.31
120,2.31
108,2.31
83,2.31
48,2.31
36,2.31
25,2.31
10,2.31
4,2.31
2,2.31
720,2.3
4,2.29
3,2.29
2,2.29
1,2.29
100,2.26
408,2.25
216,2.25
180,2.25
60,2.25
32,2.25
30,2.25
24,2.25
20,2.25
18,2.25
16,2.25
13,2.25
12,2.25
11,2.25
8,2.25
7,2.25
6,2.25
5,2.25
4,2.25
3,2.25
2,2.25
1,2.25
12,2.22
48,2.21
12,2.21
36,2.17
24,2.17
16,2.17
48,2.16
12,2.16
113,2.13
110,2.13
104,2.13
82,2.13
45,2.13
40,2.13
34,2.13
32,2.13
30,2.13
25,2.13
10,2.13
9,2.13
8,2.13
7,2.13
6,2.13
5,2.13
4,2.13
3,2.13
2,2.13
1,2.13
20,2.12
7,2.12
6,2.12
3,2.12
2,2.12
1,2.12
4,2.11
3,2.11
2,2.11
1,2.11
3114,2.1
1300,2.1
462,2.1
288,2.1
264,2.1
256,2.1
252,2.1
250,2.1
246,2.1
240,2.1
216,2.1
192,2.1
186,2.1
180,2.1
150,2.1
144,2.1
130,2.1
120,2.1
108,2.1
100,2.1
96,2.1
90,2.1
84,2.1
78,2.1
72,2.1
70,2.1
65,2.1
64,2.1
60,2.1
59,2.1
55,2.1
54,2.1
53,2.1
52,2.1
50,2.1
48,2.1
45,2.1
44,2.1
42,2.1
41,2.1
40,2.1
36,2.1
35,2.1
34,2.1
32,2.1
30,2.1
27,2.1
26,2.1
25,2.1
24,2.1
22,2.1
21,2.1
20,2.1
19,2.1
18,2.1
17,2.1
16,2.1
15,2.1
14,2.1
13,2.1
12,2.1
11,2.1
10,2.1
9,2.1
8,2.1
7,2.1
6,2.1
5,2.1
4,2.1
3,2.1
2,2.1
1,2.1
1,2.09
2400,2.08
480,2.08
240,2.08
216,2.08
192,2.08
144,2.08
120,2.08
108,2.08
97,2.08
96,2.08
80,2.08
78,2.08
70,2.08
65,2.08
64,2.08
63,2.08
60,2.08
58,2.08
56,2.08
54,2.08
51,2.08
50,2.08
48,2.08
45,2.08
44,2.08
43,2.08
42,2.08
41,2.08
40,2.08
39,2.08
37,2.08
36,2.08
35,2.08
34,2.08
33,2.08
32,2.08
30,2.08
29,2.08
28,2.08
27,2.08
26,2.08
25,2.08
24,2.08
23,2.08
22,2.08
21,2.08
20,2.08
19,2.08
18,2.08
17,2.08
16,2.08
15,2.08
14,2.08
13,2.08
12,2.08
11,2.08
10,2.08
9,2.08
8,2.08
7,2.08
6,2.08
5,2.08
4,2.08
3,2.08
2,2.08
1,2.08
11,2.07
4,2.07
3,2.07
2,2.07
1,2.07
24,2.06
2,2.06
100,2.04
1,2.02
10,2
6,2
2,2
1,2
60,1.98
120,1.97
80,1.97
40,1.97
9,1.97
84,1.96
1820,1.95
1130,1.95
637,1.95
600,1.95
490,1.95
388,1.95
300,1.95
288,1.95
268,1.95
253,1.95
216,1.95
207,1.95
200,1.95
186,1.95
179,1.95
171,1.95
158,1.95
150,1.95
144,1.95
130,1.95
123,1.95
117,1.95
104,1.95
100,1.95
96,1.95
94,1.95
92,1.95
84,1.95
80,1.95
76,1.95
72,1.95
65,1.95
64,1.95
60,1.95
50,1.95
48,1.95
46,1.95
42,1.95
40,1.95
36,1.95
35,1.95
34,1.95
33,1.95
32,1.95
31,1.95
30,1.95
28,1.95
26,1.95
25,1.95
24,1.95
23,1.95
20,1.95
19,1.95
18,1.95
17,1.95
16,1.95
15,1.95
14,1.95
13,1.95
12,1.95
11,1.95
10,1.95
9,1.95
8,1.95
7,1.95
6,1.95
5,1.95
4,1.95
3,1.95
2,1.95
1,1.95
1356,1.93
738,1.93
630,1.93
600,1.93
456,1.93
402,1.93
306,1.93
144,1.93
54,1.93
48,1.93
620,1.92
324,1.92
216,1.92
144,1.92
48,1.92
12,1.92
1,1.91
200,1.9
35,1.89
480,1.88
240,1.88
120,1.88
6,1.88
5,1.88
4,1.88
2,1.88
1,1.88
1,1.87
620,1.86
2000,1.85
700,1.85
600,1.85
500,1.85
480,1.85
400,1.85
312,1.85
288,1.85
280,1.85
240,1.85
216,1.85
200,1.85
192,1.85
168,1.85
150,1.85
144,1.85
120,1.85
115,1.85
100,1.85
96,1.85
80,1.85
72,1.85
64,1.85
60,1.85
56,1.85
54,1.85
50,1.85
48,1.85
40,1.85
38,1.85
36,1.85
30,1.85
28,1.85
24,1.85
18,1.85
16,1.85
12,1.85
10,1.85
8,1.85
6,1.85
1,1.85
18,1.84
12,1.84
6,1.84
36,1.8
18,1.8
12,1.8
6,1.8
2040,1.79
1500,1.79
1440,1.79
1000,1.79
960,1.79
912,1.79
700,1.79
600,1.79
576,1.79
456,1.79
400,1.79
360,1.79
336,1.79
300,1.79
288,1.79
270,1.79
240,1.79
220,1.79
216,1.79
200,1.79
192,1.79
168,1.79
160,1.79
156,1.79
150,1.79
144,1.79
140,1.79
130,1.79
120,1.79
110,1.79
100,1.79
96,1.79
72,1.79
60,1.79
52,1.79
50,1.79
48,1.79
47,1.79
40,1.79
36,1.79
30,1.79
27,1.79
24,1.79
20,1.79
12,1.79
10,1.79
6,1.79
200,1.75
132,1.75
100,1.75
48,1.75
36,1.75
600,1.74
300,1.74
200,1.74
100,1.74
4,1.71
1428,1.7
696,1.7
666,1.7
288,1.7
192,1.7
96,1.7
48,1.7
1,1.7
2000,1.69
504,1.69
270,1.69
192,1.69
144,1.69
128,1.69
120,1.69
112,1.69
108,1.69
100,1.69
96,1.69
88,1.69
80,1.69
72,1.69
64,1.69
62,1.69
60,1.69
56,1.69
50,1.69
48,1.69
40,1.69
38,1.69
36,1.69
32,1.69
30,1.69
29,1.69
27,1.69
24,1.69
23,1.69
22,1.69
20,1.69
19,1.69
18,1.69
17,1.69
16,1.69
15,1.69
14,1.69
13,1.69
12,1.69
11,1.69
10,1.69
9,1.69
8,1.69
7,1.69
6,1.69
5,1.69
4,1.69
3,1.69
2,1.69
1,1.69
72,1.68
12,1.67
4,1.67
3,1.67
2,1.67
1,1.67
654,1.66
157,1.66
144,1.66
96,1.66
92,1.66
90,1.66
78,1.66
72,1.66
48,1.66
42,1.66
38,1.66
36,1.66
35,1.66
34,1.66
31,1.66
30,1.66
28,1.66
27,1.66
26,1.66
25,1.66
24,1.66
23,1.66
22,1.66
20,1.66
19,1.66
18,1.66
17,1.66
16,1.66
15,1.66
14,1.66
13,1.66
12,1.66
11,1.66
10,1.66
9,1.66
8,1.66
7,1.66
6,1.66
5,1.66
4,1.66
3,1.66
2,1.66
1,1.66
1200,1.65
900,1.65
800,1.65
700,1.65
640,1.65
600,1.65
500,1.65
480,1.65
448,1.65
432,1.65
400,1.65
384,1.65
324,1.65
320,1.65
300,1.65
288,1.65
276,1.65
256,1.65
240,1.65
222,1.65
216,1.65
200,1.65
192,1.65
168,1.65
160,1.65
150,1.65
147,1.65
144,1.65
128,1.65
120,1.65
100,1.65
96,1.65
90,1.65
84,1.65
80,1.65
78,1.65
76,1.65
72,1.65
70,1.65
64,1.65
60,1.65
56,1.65
50,1.65
48,1.65
42,1.65
40,1.65
36,1.65
32,1.65
30,1.65
28,1.65
26,1.65
25,1.65
24,1.65
23,1.65
21,1.65
20,1.65
19,1.65
18,1.65
17,1.65
16,1.65
15,1.65
14,1.65
13,1.65
12,1.65
11,1.65
10,1.65
9,1.65
8,1.65
7,1.65
6,1.65
5,1.65
4,1.65
3,1.65
2,1.65
1,1.65
144,1.64
16,1.64
1,1.64
211,1.63
150,1.63
144,1.63
105,1.63
96,1.63
90,1.63
81,1.63
80,1.63
75,1.63
72,1.63
68,1.63
66,1.63
62,1.63
60,1.63
54,1.63
53,1.63
51,1.63
48,1.63
47,1.63
46,1.63
43,1.63
41,1.63
40,1.63
39,1.63
37,1.63
36,1.63
35,1.63
34,1.63
33,1.63
32,1.63
31,1.63
30,1.63
29,1.63
28,1.63
27,1.63
26,1.63
25,1.63
24,1.63
23,1.63
22,1.63
21,1.63
20,1.63
19,1.63
18,1.63
17,1.63
16,1.63
15,1.63
14,1.63
13,1.63
12,1.63
11,1.63
10,1.63
9,1.63
8,1.63
7,1.63
6,1.63
5,1.63
4,1.63
3,1.63
2,1.63
1,1.63
24,1.6
50,1.55
36,1.55
24,1.55
20,1.55
19,1.55
18,1.55
17,1.55
16,1.55
14,1.55
12,1.55
10,1.55
9,1.55
8,1.55
7,1.55
6,1.55
5,1.55
4,1.55
3,1.55
2,1.55
1,1.55
144,1.53
96,1.53
48,1.53
456,1.5
288,1.5
256,1.5
245,1.5
240,1.5
181,1.5
149,1.5
139,1.5
138,1.5
121,1.5
115,1.5
113,1.5
111,1.5
104,1.5
96,1.5
73,1.5
48,1.5
38,1.5
30,1.5
2,1.5
1,1.5
432,1.49
384,1.49
216,1.49
204,1.49
192,1.49
180,1.49
144,1.49
96,1.49
72,1.49
48,1.49
36,1.49
24,1.49
23,1.49
21,1.49
19,1.49
18,1.49
16,1.49
15,1.49
14,1.49
12,1.49
10,1.49
9,1.49
8,1.49
7,1.49
6,1.49
5,1.49
4,1.49
3,1.49
2,1.49
1,1.49
744,1.48
624,1.48
432,1.48
384,1.48
360,1.48
144,1.48
48,1.48
12,1.48
8,1.48
1,1.48
5,1.46
4,1.46
3,1.46
2,1.46
1,1.46
2880,1.45
1200,1.45
968,1.45
960,1.45
768,1.45
720,1.45
672,1.45
576,1.45
560,1.45
480,1.45
432,1.45
408,1.45
400,1.45
384,1.45
360,1.45
350,1.45
320,1.45
300,1.45
288,1.45
250,1.45
240,1.45
216,1.45
200,1.45
192,1.45
176,1.45
160,1.45
151,1.45
150,1.45
144,1.45
125,1.45
120,1.45
110,1.45
108,1.45
100,1.45
96,1.45
90,1.45
89,1.45
84,1.45
80,1.45
72,1.45
64,1.45
63,1.45
60,1.45
58,1.45
54,1.45
51,1.45
50,1.45
48,1.45
45,1.45
44,1.45
40,1.45
36,1.45
33,1.45
32,1.45
30,1.45
27,1.45
26,1.45
25,1.45
24,1.45
22,1.45
20,1.45
19,1.45
18,1.45
17,1.45
16,1.45
15,1.45
14,1.45
13,1.45
12,1.45
11,1.45
10,1.45
9,1.45
8,1.45
7,1.45
6,1.45
5,1.45
4,1.45
3,1.45
2,1.45
1,1.45
236,1.43
56,1.43
22,1.42
96,1.4
48,1.4
620,1.38
66,1.38
54,1.38
48,1.38
24,1.38
18,1.38
12,1.38
6,1.38
1,1.36
64,1.35
24,1.35
16,1.35
8,1.35
28,1.28
21,1.28
18,1.28
16,1.28
15,1.28
13,1.28
12,1.28
11,1.28
10,1.28
9,1.28
8,1.28
7,1.28
6,1.28
5,1.28
4,1.28
3,1.28
2,1.28
1,1.28
384,1.27
80,1.27
24,1.27
8,1.27
6,1.27
4,1.27
3,1.26
2,1.26
1,1.26
1000,1.25
840,1.25
774,1.25
720,1.25
648,1.25
600,1.25
492,1.25
480,1.25
432,1.25
408,1.25
400,1.25
384,1.25
320,1.25
312,1.25
288,1.25
252,1.25
250,1.25
240,1.25
216,1.25
204,1.25
200,1.25
192,1.25
176,1.25
160,1.25
151,1.25
144,1.25
132,1.25
130,1.25
128,1.25
120,1.25
108,1.25
100,1.25
98,1.25
96,1.25
90,1.25
84,1.25
80,1.25
78,1.25
72,1.25
70,1.25
69,1.25
67,1.25
66,1.25
65,1.25
64,1.25
60,1.25
57,1.25
56,1.25
54,1.25
53,1.25
50,1.25
49,1.25
48,1.25
46,1.25
45,1.25
44,1.25
43,1.25
42,1.25
41,1.25
40,1.25
39,1.25
38,1.25
37,1.25
36,1.25
35,1.25
33,1.25
32,1.25
31,1.25
30,1.25
29,1.25
28,1.25
27,1.25
26,1.25
25,1.25
24,1.25
23,1.25
22,1.25
21,1.25
20,1.25
19,1.25
18,1.25
17,1.25
16,1.25
15,1.25
14,1.25
13,1.25
12,1.25
11,1.25
10,1.25
9,1.25
8,1.25
7,1.25
6,1.25
5,1.25
4,1.25
3,1.25
2,1.25
1,1.25
108,1.24
44,1.24
40,1.24
16,1.24
12,1.24
8,1.24
6,1.24
4,1.24
1,1.24
2,1.23
1,1.23
1,1.21
20,1.19
10,1.19
72,1.18
432,1.12
240,1.12
120,1.12
80,1.12
40,1.12
18,1.12
15,1.12
120,1.11
120,1.1
1,1.1
1944,1.08
1878,1.08
500,1.08
410,1.08
400,1.08
200,1.08
2100,1.06
1540,1.06
1400,1.06
1296,1.06
1200,1.06
1120,1.06
1056,1.06
864,1.06
840,1.06
828,1.06
824,1.06
800,1.06
720,1.06
701,1.06
700,1.06
684,1.06
576,1.06
504,1.06
432,1.06
420,1.06
408,1.06
360,1.06
320,1.06
288,1.06
280,1.06
252,1.06
250,1.06
240,1.06
232,1.06
227,1.06
224,1.06
220,1.06
216,1.06
200,1.06
198,1.06
192,1.06
180,1.06
160,1.06
156,1.06
150,1.06
144,1.06
141,1.06
128,1.06
120,1.06
110,1.06
108,1.06
100,1.06
96,1.06
95,1.06
90,1.06
80,1.06
72,1.06
66,1.06
60,1.06
50,1.06
48,1.06
42,1.06
40,1.06
36,1.06
30,1.06
24,1.06
23,1.06
20,1.06
18,1.06
12,1.06
10,1.06
6,1.06
4,1.06
3,1.06
2,1.06
1,1.06
192,1.05
144,1.05
96,1.05
60,1.05
48,1.05
36,1.05
24,1.05
12,1.05
6,1.05
4,1.05
3,1.05
2,1.05
1,1.05
400,1.04
384,1.04
300,1.04
288,1.04
256,1.04
240,1.04
200,1.04
192,1.04
160,1.04
144,1.04
128,1.04
120,1.04
100,1.04
96,1.04
84,1.04
80,1.04
72,1.04
64,1.04
60,1.04
56,1.04
48,1.04
36,1.04
32,1.04
24,1.04
20,1.04
16,1.04
12,1.04
8,1.04
576,1.02
96,1.01
392,1
320,1
281,1
228,1
199,1
180,1
168,1
162,1
160,1
156,1
149,1
144,1
138,1
111,1
110,1
104,1
96,1
94,1
93,1
92,1
84,1
76,1
74,1
64,1
62,1
61,1
60,1
54,1
48,1
45,1
44,1
43,1
39,1
38,1
36,1
35,1
30,1
29,1
27,1
24,1
18,1
12,1
10,1
6,1
5,1
4,1
3,1
2,1
1,1
24,0.99
18,0.99
12,0.99
6,0.99
36,0.98
48,0.97
30,0.97
24,0.97
18,0.97
12,0.97
6,0.97
432,0.95
360,0.95
240,0.95
96,0.95
72,0.95
60,0.95
48,0.95
40,0.95
36,0.95
30,0.95
27,0.95
24,0.95
20,0.95
15,0.95
13,0.95
12,0.95
11,0.95
10,0.95
9,0.95
8,0.95
7,0.95
6,0.95
5,0.95
4,0.95
3,0.95
2,0.95
1,0.95
2400,0.94
96,0.92
960,0.9
192,0.9
576,0.86
1788,0.85
720,0.85
384,0.85
360,0.85
300,0.85
288,0.85
216,0.85
192,0.85
160,0.85
150,0.85
144,0.85
130,0.85
120,0.85
112,0.85
108,0.85
100,0.85
96,0.85
91,0.85
90,0.85
89,0.85
84,0.85
80,0.85
72,0.85
71,0.85
70,0.85
64,0.85
63,0.85
62,0.85
61,0.85
60,0.85
53,0.85
52,0.85
50,0.85
49,0.85
48,0.85
47,0.85
45,0.85
44,0.85
42,0.85
40,0.85
37,0.85
36,0.85
35,0.85
34,0.85
33,0.85
32,0.85
31,0.85
30,0.85
29,0.85
28,0.85
27,0.85
26,0.85
25,0.85
24,0.85
23,0.85
22,0.85
21,0.85
20,0.85
19,0.85
18,0.85
17,0.85
16,0.85
15,0.85
14,0.85
13,0.85
12,0.85
11,0.85
10,0.85
9,0.85
8,0.85
7,0.85
6,0.85
5,0.85
4,0.85
3,0.85
2,0.85
1,0.85
12,0.84
7,0.84
6,0.84
5,0.84
4,0.84
3,0.84
2,0.84
1,0.84
310,0.83
300,0.83
256,0.83
192,0.83
160,0.83
158,0.83
144,0.83
128,0.83
120,0.83
111,0.83
108,0.83
105,0.83
100,0.83
96,0.83
95,0.83
90,0.83
87,0.83
80,0.83
78,0.83
75,0.83
73,0.83
72,0.83
70,0.83
65,0.83
61,0.83
60,0.83
56,0.83
55,0.83
53,0.83
51,0.83
50,0.83
49,0.83
48,0.83
45,0.83
44,0.83
43,0.83
42,0.83
41,0.83
40,0.83
39,0.83
38,0.83
37,0.83
36,0.83
35,0.83
34,0.83
33,0.83
32,0.83
31,0.83
30,0.83
29,0.83
28,0.83
27,0.83
26,0.83
25,0.83
24,0.83
23,0.83
22,0.83
21,0.83
20,0.83
19,0.83
18,0.83
17,0.83
16,0.83
15,0.83
14,0.83
13,0.83
12,0.83
11,0.83
10,0.83
9,0.83
8,0.83
7,0.83
6,0.83
5,0.83
4,0.83
3,0.83
2,0.83
1,0.83
3906,0.82
200,0.82
48,0.82
40,0.82
30,0.82
24,0.82
20,0.82
12,0.82
11,0.82
10,0.82
9,0.82
6,0.82
5,0.82
4,0.82
3,0.82
2,0.82
1,0.82
35,0.81
22,0.81
20,0.81
18,0.81
17,0.81
16,0.81
15,0.81
14,0.81
13,0.81
12,0.81
11,0.81
10,0.81
9,0.81
8,0.81
7,0.81
6,0.81
5,0.81
4,0.81
3,0.81
2,0.81
1,0.81
432,0.8
5,0.8
540,0.79
300,0.79
288,0.79
200,0.79
192,0.79
180,0.79
144,0.79
120,0.79
108,0.79
100,0.79
96,0.79
90,0.79
88,0.79
86,0.79
84,0.79
72,0.79
66,0.79
63,0.79
60,0.79
49,0.79
48,0.79
40,0.79
36,0.79
35,0.79
32,0.79
30,0.79
29,0.79
27,0.79
25,0.79
24,0.79
22,0.79
21,0.79
20,0.79
19,0.79
18,0.79
17,0.79
16,0.79
15,0.79
14,0.79
13,0.79
12,0.79
11,0.79
10,0.79
9,0.79
8,0.79
7,0.79
6,0.79
5,0.79
4,0.79
3,0.79
2,0.79
1,0.79
16,0.78
1,0.76
200,0.75
120,0.75
96,0.75
72,0.75
60,0.75
48,0.75
43,0.75
41,0.75
36,0.75
32,0.75
29,0.75
24,0.75
20,0.75
17,0.75
16,0.75
15,0.75
12,0.75
10,0.75
9,0.75
8,0.75
7,0.75
6,0.75
5,0.75
4,0.75
3,0.75
2,0.75
1,0.75
96,0.74
240,0.73
144,0.73
48,0.73
36,0.73
12,0.73
4300,0.72
1992,0.72
1900,0.72
1728,0.72
1500,0.72
1200,0.72
1000,0.72
720,0.72
700,0.72
612,0.72
600,0.72
588,0.72
576,0.72
504,0.72
500,0.72
480,0.72
400,0.72
384,0.72
360,0.72
350,0.72
336,0.72
300,0.72
288,0.72
256,0.72
240,0.72
216,0.72
200,0.72
192,0.72
160,0.72
144,0.72
128,0.72
120,0.72
108,0.72
100,0.72
96,0.72
90,0.72
80,0.72
72,0.72
64,0.72
60,0.72
50,0.72
48,0.72
40,0.72
36,0.72
32,0.72
30,0.72
24,0.72
20,0.72
16,0.72
12,0.72
11,0.72
10,0.72
6,0.72
2,0.72
1,0.72
1350,0.69
480,0.69
192,0.69
128,0.69
96,0.69
48,0.69
18,0.69
12,0.69
6,0.69
144,0.68
96,0.68
1200,0.65
768,0.65
600,0.65
576,0.65
407,0.65
384,0.65
288,0.65
252,0.65
240,0.65
216,0.65
200,0.65
192,0.65
180,0.65
168,0.65
144,0.65
120,0.65
108,0.65
100,0.65
96,0.65
90,0.65
84,0.65
80,0.65
72,0.65
64,0.65
60,0.65
52,0.65
50,0.65
48,0.65
41,0.65
40,0.65
38,0.65
36,0.65
34,0.65
33,0.65
32,0.65
30,0.65
27,0.65
26,0.65
25,0.65
24,0.65
22,0.65
21,0.65
20,0.65
19,0.65
18,0.65
17,0.65
16,0.65
15,0.65
14,0.65
13,0.65
12,0.65
11,0.65
10,0.65
9,0.65
8,0.65
7,0.65
6,0.65
5,0.65
4,0.65
3,0.65
2,0.65
1,0.65
384,0.64
360,0.64
288,0.64
192,0.64
144,0.64
120,0.64
96,0.64
84,0.64
72,0.64
48,0.64
36,0.64
34,0.64
30,0.64
24,0.64
12,0.64
6,0.64
1,0.64
144,0.63
96,0.63
86,0.63
50,0.63
48,0.63
46,0.63
43,0.63
38,0.63
36,0.63
35,0.63
34,0.63
28,0.63
25,0.63
24,0.63
21,0.63
20,0.63
19,0.63
18,0.63
17,0.63
16,0.63
15,0.63
14,0.63
13,0.63
12,0.63
11,0.63
10,0.63
9,0.63
8,0.63
7,0.63
6,0.63
5,0.63
4,0.63
3,0.63
2,0.63
1,0.63
48,0.62
36,0.62
24,0.62
12,0.62
11,0.62
10,0.62
6,0.62
4,0.62
2,0.62
1,0.62
40,0.61
28,0.61
24,0.61
20,0.61
16,0.61
12,0.61
8,0.61
4,0.61
72,0.59
48,0.59
36,0.59
32,0.59
24,0.59
16,0.59
13,0.59
12,0.59
10,0.59
8,0.59
7,0.59
6,0.59
5,0.59
4,0.59
3,0.59
2,0.59
1,0.59
360,0.58
288,0.58
1824,0.55
1515,0.55
1394,0.55
1152,0.55
864,0.55
576,0.55
480,0.55
420,0.55
384,0.55
360,0.55
288,0.55
240,0.55
200,0.55
192,0.55
168,0.55
156,0.55
150,0.55
144,0.55
120,0.55
100,0.55
96,0.55
75,0.55
72,0.55
60,0.55
48,0.55
42,0.55
36,0.55
32,0.55
25,0.55
24,0.55
23,0.55
21,0.55
20,0.55
18,0.55
17,0.55
16,0.55
15,0.55
14,0.55
13,0.55
12,0.55
11,0.55
10,0.55
9,0.55
8,0.55
7,0.55
6,0.55
5,0.55
4,0.55
3,0.55
2,0.55
1,0.55
600,0.53
576,0.53
300,0.53
288,0.53
250,0.53
216,0.53
144,0.53
96,0.53
50,0.53
48,0.53
36,0.53
24,0.53
6,0.53
5,0.53
2,0.53
1,0.53
384,0.52
408,0.5
378,0.5
244,0.5
234,0.5
224,0.5
109,0.5
102,0.5
100,0.5
90,0.5
72,0.5
60,0.5
30,0.5
24,0.5
20,0.5
12,0.5
10,0.5
5,0.5
4,0.5
3,0.5
2,0.5
1,0.5
49,0.43
41,0.43
38,0.43
37,0.43
36,0.43
34,0.43
33,0.43
32,0.43
29,0.43
28,0.43
27,0.43
26,0.43
25,0.43
24,0.43
23,0.43
22,0.43
21,0.43
20,0.43
19,0.43
18,0.43
17,0.43
16,0.43
15,0.43
14,0.43
13,0.43
12,0.43
11,0.43
10,0.43
9,0.43
8,0.43
7,0.43
6,0.43
5,0.43
4,0.43
3,0.43
2,0.43
1,0.43
2700,0.42
1440,0.42
1200,0.42
960,0.42
900,0.42
720,0.42
600,0.42
500,0.42
480,0.42
456,0.42
432,0.42
360,0.42
320,0.42
312,0.42
300,0.42
288,0.42
270,0.42
255,0.42
250,0.42
240,0.42
216,0.42
200,0.42
192,0.42
180,0.42
168,0.42
156,0.42
155,0.42
150,0.42
148,0.42
144,0.42
140,0.42
125,0.42
121,0.42
120,0.42
108,0.42
100,0.42
96,0.42
90,0.42
84,0.42
80,0.42
75,0.42
72,0.42
71,0.42
70,0.42
68,0.42
66,0.42
64,0.42
60,0.42
56,0.42
55,0.42
54,0.42
52,0.42
51,0.42
50,0.42
49,0.42
48,0.42
45,0.42
42,0.42
40,0.42
39,0.42
38,0.42
37,0.42
36,0.42
34,0.42
33,0.42
32,0.42
31,0.42
30,0.42
28,0.42
27,0.42
26,0.42
25,0.42
24,0.42
23,0.42
22,0.42
21,0.42
20,0.42
19,0.42
18,0.42
17,0.42
16,0.42
15,0.42
14,0.42
13,0.42
12,0.42
11,0.42
10,0.42
9,0.42
8,0.42
7,0.42
6,0.42
5,0.42
4,0.42
3,0.42
2,0.42
1,0.42
1440,0.4
1200,0.4
960,0.4
720,0.4
480,0.4
288,0.4
240,0.4
1200,0.39
906,0.39
720,0.39
480,0.39
468,0.39
432,0.39
384,0.39
360,0.39
324,0.39
288,0.39
240,0.39
216,0.39
200,0.39
192,0.39
180,0.39
144,0.39
140,0.39
121,0.39
120,0.39
114,0.39
108,0.39
96,0.39
86,0.39
84,0.39
80,0.39
72,0.39
66,0.39
60,0.39
59,0.39
54,0.39
50,0.39
48,0.39
42,0.39
40,0.39
39,0.39
36,0.39
34,0.39
32,0.39
30,0.39
28,0.39
27,0.39
26,0.39
25,0.39
24,0.39
23,0.39
22,0.39
21,0.39
20,0.39
19,0.39
18,0.39
17,0.39
16,0.39
15,0.39
14,0.39
13,0.39
12,0.39
11,0.39
10,0.39
9,0.39
8,0.39
7,0.39
6,0.39
5,0.39
4,0.39
3,0.39
2,0.39
1,0.39
288,0.38
276,0.38
192,0.38
144,0.38
108,0.38
96,0.38
72,0.38
66,0.38
48,0.38
40,0.38
36,0.38
35,0.38
30,0.38
29,0.38
26,0.38
24,0.38
22,0.38
20,0.38
18,0.38
17,0.38
16,0.38
15,0.38
12,0.38
10,0.38
9,0.38
8,0.38
6,0.38
5,0.38
4,0.38
3,0.38
2,0.38
1,0.38
120,0.37
24,0.37
1200,0.36
864,0.36
800,0.36
600,0.36
576,0.36
504,0.36
500,0.36
480,0.36
432,0.36
408,0.36
400,0.36
360,0.36
300,0.36
288,0.36
273,0.36
256,0.36
250,0.36
240,0.36
228,0.36
216,0.36
204,0.36
200,0.36
192,0.36
180,0.36
168,0.36
150,0.36
144,0.36
125,0.36
121,0.36
120,0.36
108,0.36
100,0.36
96,0.36
85,0.36
84,0.36
75,0.36
72,0.36
60,0.36
50,0.36
48,0.36
40,0.36
36,0.36
30,0.36
24,0.36
20,0.36
18,0.36
16,0.36
12,0.36
8,0.36
1,0.36
11,0.35
6,0.35
4,0.35
3,0.35
1,0.35
1000,0.34
800,0.34
600,0.34
400,0.34
300,0.34
250,0.34
200,0.34
125,0.34
100,0.34
75,0.34
50,0.34
25,0.34
3000,0.32
2000,0.32
1500,0.32
1000,0.32
864,0.32
720,0.32
600,0.32
500,0.32
432,0.32
400,0.32
300,0.32
272,0.32
144,0.32
100,0.32
75,0.32
72,0.32
50,0.32
48,0.32
25,0.32
20,0.32
1,0.32
24,0.31
20,0.31
16,0.31
12,0.31
8,0.31
4,0.31
72,0.3
42,0.3
36,0.3
30,0.3
24,0.3
18,0.3
12,0.3
6,0.3
2,0.3
1,0.3
1008,0.29
864,0.29
600,0.29
576,0.29
504,0.29
494,0.29
480,0.29
396,0.29
360,0.29
336,0.29
312,0.29
288,0.29
264,0.29
240,0.29
216,0.29
192,0.29
180,0.29
144,0.29
120,0.29
108,0.29
96,0.29
94,0.29
76,0.29
72,0.29
64,0.29
63,0.29
60,0.29
50,0.29
49,0.29
48,0.29
47,0.29
46,0.29
45,0.29
42,0.29
40,0.29
36,0.29
35,0.29
34,0.29
33,0.29
32,0.29
30,0.29
27,0.29
26,0.29
25,0.29
24,0.29
23,0.29
22,0.29
21,0.29
20,0.29
19,0.29
18,0.29
16,0.29
15,0.29
14,0.29
13,0.29
12,0.29
11,0.29
10,0.29
9,0.29
8,0.29
7,0.29
6,0.29
5,0.29
4,0.29
3,0.29
2,0.29
1,0.29
24,0.28
12,0.28
864,0.27
288,0.27
192,0.27
2160,0.25
1600,0.25
1296,0.25
1200,0.25
864,0.25
832,0.25
800,0.25
720,0.25
600,0.25
504,0.25
432,0.25
430,0.25
300,0.25
240,0.25
216,0.25
144,0.25
108,0.25
96,0.25
72,0.25
36,0.25
24,0.25
20,0.25
12,0.25
10,0.25
2,0.25
1,0.25
600,0.24
72,0.24
1296,0.22
432,0.22
72,0.22
24,0.22
9,0.22
6,0.22
5,0.22
4800,0.21
2592,0.21
1728,0.21
1200,0.21
1152,0.21
1008,0.21
720,0.21
576,0.21
480,0.21
432,0.21
288,0.21
240,0.21
216,0.21
180,0.21
168,0.21
144,0.21
129,0.21
120,0.21
108,0.21
100,0.21
98,0.21
96,0.21
88,0.21
85,0.21
84,0.21
75,0.21
72,0.21
60,0.21
56,0.21
50,0.21
48,0.21
41,0.21
40,0.21
36,0.21
35,0.21
30,0.21
28,0.21
26,0.21
25,0.21
24,0.21
23,0.21
20,0.21
18,0.21
16,0.21
15,0.21
14,0.21
13,0.21
12,0.21
11,0.21
10,0.21
9,0.21
8,0.21
7,0.21
6,0.21
5,0.21
4,0.21
3,0.21
2,0.21
1,0.21
576,0.2
432,0.2
25,0.2
24,0.2
18,0.2
17,0.2
13,0.2
12,0.2
7,0.2
6,0.2
5,0.2
1152,0.19
720,0.19
640,0.19
384,0.19
360,0.19
323,0.19
288,0.19
240,0.19
216,0.19
192,0.19
180,0.19
144,0.19
128,0.19
120,0.19
108,0.19
100,0.19
96,0.19
94,0.19
75,0.19
72,0.19
64,0.19
60,0.19
54,0.19
51,0.19
50,0.19
48,0.19
42,0.19
41,0.19
40,0.19
38,0.19
37,0.19
36,0.19
32,0.19
31,0.19
30,0.19
27,0.19
25,0.19
24,0.19
21,0.19
20,0.19
19,0.19
18,0.19
17,0.19
16,0.19
15,0.19
14,0.19
13,0.19
12,0.19
11,0.19
10,0.19
9,0.19
8,0.19
7,0.19
6,0.19
5,0.19
4,0.19
3,0.19
2,0.19
1,0.19
2880,0.18
432,0.18
216,0.18
100,0.18
72,0.18
48,0.18
24,0.18
20,0.18
14,0.18
12,0.18
8,0.18
2,0.18
1,0.18
1728,0.17
1440,0.17
291,0.17
96,0.17
1440,0.16
720,0.16
600,0.16
270,0.16
180,0.16
144,0.16
120,0.16
112,0.16
108,0.16
90,0.16
80,0.16
72,0.16
60,0.16
50,0.16
25,0.16
20,0.16
10,0.16
5,0.16
384,0.14
300,0.14
288,0.14
192,0.14
168,0.14
144,0.14
96,0.14
60,0.14
48,0.14
24,0.14
12,0.14
4,0.14
3,0.14
1,0.14
480,0.12
288,0.12
240,0.12
192,0.12
160,0.12
150,0.12
144,0.12
120,0.12
108,0.12
100,0.12
96,0.12
74,0.12
72,0.12
51,0.12
50,0.12
48,0.12
36,0.12
24,0.12
20,0.12
18,0.12
16,0.12
15,0.12
13,0.12
12,0.12
10,0.12
9,0.12
8,0.12
7,0.12
6,0.12
5,0.12
4,0.12
3,0.12
2,0.12
1,0.12
864,0.1
576,0.1
288,0.1
100,0.1
96,0.1
60,0.1
50,0.1
30,0.1
25,0.1
18,0.1
8,0.1
1,0.1
60,0.09
11,0.09
324,0.08
240,0.08
216,0.08
183,0.08
108,0.08
96,0.08
60,0.08
58,0.08
36,0.08
24,0.08
20,0.08
14,0.08
12,0.08
8,0.08
6,0.08
5,0.08
4,0.08
2,0.08
1,0.08
1200,0.07
240,0.07
200,0.07
100,0.07
3186,0.06
2400,0.06
1600,0.06
400,0.06
288,0.06
240,0.06
160,0.06
96,0.06
80,0.06
50,0.06
48,0.06
35,0.06
30,0.06
29,0.06
25,0.06
24,0.06
21,0.06
18,0.06
15,0.06
14,0.06
13,0.06
10,0.06
6,0.06
5,0.06
2,0.06
1,0.06
900,0.04
500,0.04
200,0.04
100,0.04
1,0.001
